Student ID,Name ,Age ,Gender 
17P2012,Yehia Mohamed ,22,M
17P1982,Ayman Ali ,22,M
18P1236,Menna Ashrad ,21,F
16E1099,Radwa Ahmed ,23,F
17E1203,Tarek Mohamed ,22,M
18E1230,Ramy Mostafa ,21,M
17P0120,Aya Hany ,22,F
17E1100,Nour Kareem ,22,F
18P0101,Shady AbdAllah ,21,M
