Student ID,Math,Physics,Drawing,Computer,Chemistry
17P2012,54,56,88,77,74
17P1982,50,49,93,64,92
18P1236,94,77,45,61,58
16E1099,98,62,86,45,85
17E1203,95,54,84,99,82
18E1230,65,69,84,49,58
17P0120,59,70,74,66,75
17E1100,55,86,90,87,93
18P0101,78,84,69,51,84
