Student ID,Name,Age,Gender,Math,Physics,Drawing,Computer,Chemistry
 17P2012,Yehia Mohamed ,22,M,54,56,88,77,74
17P1982,Ayman Ali ,22,M,50,49,93,64,92
18P1236,Menna Ashrad ,21,F,94,77,45,61,58
16E1099,Radwa Ahmed ,23,F,98,62,86,45,85
17E1203,Tarek Mohamed ,22,M,95,54,84,99,82
18E1230,Ramy Mostafa ,21,M,65,69,84,49,58
17P0120,Aya Hany ,22,F,59,70,74,66,75
17E1100,Nour Kareem ,22,F,55,86,90,87,93
18P0101,Shady AbdAllah ,21,M,78,84,69,51,84
